﻿Keyword;Search-Volume;Competition;Trend;CPC
"jone stock";"2.501 - 5.000";21;;"0,00 EUR"
"office seating";"2.501 - 5.000";60;;"3,90 EUR"
"tiller cultivator";"2.501 - 5.000";47;;"0,80 EUR"
"discount vouchers";"1.001 - 2.500";41;;"0,80 EUR"
"fat flush diet";"501 - 1.000";51;;"1,80 EUR"
"home office cabinets";"501 - 1.000";51;;"1,90 EUR"
"fashion victim";"501 - 1.000";32;;"0,30 EUR"
"crossfit nutrition";"501 - 1.000";29;;"0,50 EUR"
"office bench";"501 - 1.000";48;;"2,40 EUR"
"low carb snack bars";"501 - 1.000";47;;"1,80 EUR"
"bamboo landscaping";"501 - 1.000";44;;"0,50 EUR"
"plus size club clothes";"501 - 1.000";45;;"0,90 EUR"
"bathroom upgrades";"501 - 1.000";51;;"3,70 EUR"
"fraud attorney";"501 - 1.000";60;;"14,30 EUR"
"classic wedding invitations";"501 - 1.000";50;;"3,30 EUR"
"best all inclusive";"501 - 1.000";41;;"1,80 EUR"
"weight loss tips for men";"501 - 1.000";50;;"5,60 EUR"
"electric cultivator";"501 - 1.000";45;;"0,60 EUR"
"low carb ice cream walmart";"501 - 1.000";44;;"0,20 EUR"
"permission marketing";"501 - 1.000";51;;"3,60 EUR"
"monki clothing";"501 - 1.000";44;;"0,50 EUR"
"mitchell construction";"501 - 1.000";34;;"3,00 EUR"
"sunflower bridal shower invitations";"501 - 1.000";49;;"2,90 EUR"
"recommended daily intake";"501 - 1.000";45;;"1,60 EUR"
"ford focus rs engine";"501 - 1.000";40;;"0,30 EUR"
"boutique law firm";"501 - 1.000";36;;"3,30 EUR"
"caterpillar construction";"501 - 1.000";35;;"0,70 EUR"
"free dating service";"501 - 1.000";52;;"2,80 EUR"
"look fashion";"501 - 1.000";49;;"0,60 EUR"
"how to lose arm fat fast in a week";"501 - 1.000";34;;"2,80 EUR"
"catholic mantilla";"501 - 1.000";44;;"0,50 EUR"
"airline booking sites";"501 - 1.000";44;;"2,30 EUR"
"hayes construction";"501 - 1.000";34;;"3,00 EUR"
"sustainable construction";"501 - 1.000";43;;"2,30 EUR"
"affordable seo";"501 - 1.000";59;;"21,30 EUR"
"home office storage";"501 - 1.000";54;;"1,70 EUR"
"fashion and style";"501 - 1.000";47;;"2,00 EUR"
"mother of the bride evening gowns";"501 - 1.000";53;;"1,10 EUR"
"commercial finance";"501 - 1.000";69;;"11,50 EUR"
"garden scythe";"201 - 500";43;;"0,20 EUR"
"jeans 2019";"201 - 500";45;;"1,40 EUR"
"kitchen and bathroom";"201 - 500";59;;"2,10 EUR"
"plus size flapper dress cheap";"201 - 500";44;;"0,70 EUR"
"uncontested divorce lawyers near me";"201 - 500";59;;"15,60 EUR"
"internet marketing firm";"201 - 500";57;;"22,80 EUR"
"plus size church dresses and suits";"201 - 500";44;;"0,80 EUR"
"life cover";"201 - 500";47;;"1,30 EUR"
"lamborghini engine for sale";"201 - 500";43;;"0,10 EUR"
"red cocktail dresses for weddings";"201 - 500";44;;"1,20 EUR"
"marriage sites";"201 - 500";60;;"2,30 EUR"
"best solar battery charger";"201 - 500";43;;"0,40 EUR"
"folded invitation";"201 - 500";49;;"3,40 EUR"
"hot fashion";"201 - 500";44;;"0,60 EUR"
"digital marketing campaign";"201 - 500";56;;"14,00 EUR"
"unit trust";"201 - 500";42;;"1,00 EUR"
"buy computer desk";"201 - 500";63;;"1,80 EUR"
"kohls formal dresses plus size";"201 - 500";44;;"0,70 EUR"
"top immigration lawyers";"201 - 500";54;;"6,10 EUR"
"graham law firm";"201 - 500";33;;"2,30 EUR"
"solar supply near me";"201 - 500";45;;"3,40 EUR"
"springfield clothing";"201 - 500";34;;"1,70 EUR"
"web hosting deals";"201 - 500";59;;"19,50 EUR"
"hubspot seo";"201 - 500";20;;"0,00 EUR"
"cheap vacation packages couples";"201 - 500";41;;"1,80 EUR"
mangools;"201 - 500";30;;"0,50 EUR"
"costco task chair";"201 - 500";49;;"3,40 EUR"
"best digital marketing company";"201 - 500";56;;"28,70 EUR"
"mortgage finder";"201 - 500";68;;"15,10 EUR"
"bolanburg desk";"201 - 500";44;;"0,70 EUR"
"simple 1200 calorie meal plan for 7 days";"201 - 500";32;;"0,90 EUR"
"beaches turks and caicos all inclusive";"201 - 500";37;;"1,80 EUR"
"pi insurance";"201 - 500";59;;"30,00 EUR"
"front walkway";"201 - 500";40;;"1,20 EUR"
"inbound outbound";"201 - 500";28;;"0,00 EUR"
"buy filing cabinet";"201 - 500";48;;"2,90 EUR"
"eye hoe";"201 - 500";43;;"0,40 EUR"
"copier leasing near me";"201 - 500";57;;"18,30 EUR"
"best wedding cake toppers";"201 - 500";44;;"0,60 EUR"
"most affordable vacations";"201 - 500";32;;"1,30 EUR"
"solar energy installation";"201 - 500";52;;"10,20 EUR"
"multifunction copier";"201 - 500";74;;"8,30 EUR"
"jetsetter deals";"101 - 200";30;;"0,20 EUR"
"landscape trees for sale";"101 - 200";43;;"0,80 EUR"
"online marketing firm";"101 - 200";60;;"21,20 EUR"
"personal financial consultant";"101 - 200";57;;"12,90 EUR"
"audi a1 for sale";"101 - 200";35;;"1,40 EUR"
"the travel company";"101 - 200";53;;"10,00 EUR"
"fashion nova plus size special occasion dresses";"101 - 200";42;;"0,50 EUR"
"plus size resort wear 2018";"101 - 200";44;;"1,10 EUR"
"free affiliate marketing";"101 - 200";52;;"7,20 EUR"
"serp analysis";"101 - 200";34;;"3,10 EUR"
"homcom chair";"101 - 200";45;;"1,60 EUR"
"royal hideaway playacar resort";"101 - 200";33;;"2,10 EUR"
"cheap plus size masquerade ball dresses";"101 - 200";43;;"0,60 EUR"
"how to lose face weight overnight";"101 - 200";17;;"0,00 EUR"
"cls 2016";"101 - 200";33;;"1,80 EUR"
"kotler marketing";"101 - 200";32;;"0,30 EUR"
"leaf blowers for sale near me";"101 - 200";43;;"0,70 EUR"
"engine optimization";"101 - 200";64;;"16,80 EUR"
"second hand wedding";"101 - 200";47;;"1,50 EUR"
"cheap bodybuilding meal plan";"101 - 200";41;;"0,80 EUR"
"local digital marketing agency";"101 - 200";54;;"17,20 EUR"
"amazon plus size hawaiian dresses";"101 - 200";42;;"0,50 EUR"
"lole canada";"101 - 200";38;;"0,20 EUR"
"solar energy business";"101 - 200";47;;"5,90 EUR"
"best yard tools";"101 - 200";43;;"0,60 EUR"
"bare root apple trees for sale";"26 - 100";42;;"0,90 EUR"
"day of wedding coordinator cost 2018";"26 - 100";33;;"2,10 EUR"
"free energy audit near me";"26 - 100";48;;"6,80 EUR"
"sangam matrimony";"26 - 100";28;;"1,30 EUR"
"best rear tine rototiller";"0 - 25";;;"0,00 EUR"
"pakistani bridesmaid dresses";"0 - 25";;;"0,00 EUR"
"mini tiller cultivator";"0 - 25";;;"0,00 EUR"
"tahari plus size dresses";"0 - 25";;;"0,00 EUR"
"udemy discount coupon";"0 - 25";;;"0,00 EUR"
"mother of the bride pant suits plus";"0 - 25";;;"0,00 EUR"
"top tier cakes";"0 - 25";;;"0,00 EUR"
"10000 watt solar panel";"0 - 25";;;"0,00 EUR"
"lawyers for employee and consumer rights";"0 - 25";;;"0,00 EUR"
"how to lose 20 pounds in 3 weeks";"0 - 25";;;"0,00 EUR"
"12v charge controller";"0 - 25";;;"0,00 EUR"
"space solutions file cabinet";"0 - 25";;;"0,00 EUR"
"marchesa notte bridal";"0 - 25";;;"0,00 EUR"
"roman originals dresses";"0 - 25";;;"0,00 EUR"
"non rolling desk chair";"0 - 25";;;"0,00 EUR"
"whole 30 list";"0 - 25";;;"0,00 EUR"
"luxury office desk";"0 - 25";;;"0,00 EUR"
"financial advisor iq";"0 - 25";;;"0,00 EUR"
"on speed dating";"0 - 25";;;"0,00 EUR"
"office shelving unit";"0 - 25";;;"0,00 EUR"
"embellished tops for evening wear";"0 - 25";;;"0,00 EUR"
"evo 8 engine";"0 - 25";;;"0,00 EUR"
"wholesale fruit trees";"0 - 25";;;"0,00 EUR"
"off white veil";"0 - 25";;;"0,00 EUR"
"sunpower by sun solar";"0 - 25";;;"0,00 EUR"
"personalized wedding invitations";"0 - 25";;;"0,00 EUR"
"best keto recipes 2017";"0 - 25";;;"0,00 EUR"
"used seat";"0 - 25";7;;"0,00 EUR"
"digital content strategy";"0 - 25";;;"0,00 EUR"
"office depot receipt paper";"0 - 25";;;"0,00 EUR"
"goway travel agent";"0 - 25";;;"0,00 EUR"
"grand palladium resort and spa";"0 - 25";;;"0,00 EUR"
"endomorph body type diet plan";"0 - 25";;;"0,00 EUR"
"no carb no sugar desserts";"0 - 25";;;"0,00 EUR"
"24 hour lawyer";"0 - 25";;;"0,00 EUR"
"berta bridal 2019";"0 - 25";;;"0,00 EUR"
"easy shower to tub conversion";"0 - 25";;;"0,00 EUR"
"mk motors";"0 - 25";;;"0,00 EUR"
"the plan diet";"0 - 25";;;"0,00 EUR"
"eventbrite speed dating";"0 - 25";;;"0,00 EUR"
"mature avocado tree for sale";"0 - 25";;;"0,00 EUR"
"digital marketing business";"0 - 25";;;"0,00 EUR"
"simple 2000 calorie meal plan";"0 - 25";;;"0,00 EUR"
"cheap cloud hosting";"0 - 25";;;"0,00 EUR"
"singles resorts all inclusive over 40";"0 - 25";;;"0,00 EUR"
"meridian construction";"0 - 25";;;"0,00 EUR"
"acrylic office chair";"0 - 25";;;"0,00 EUR"
"weekend getaways for couples cheap";"0 - 25";;;"0,00 EUR"
"sunshine travel agency";"0 - 25";;;"0,00 EUR"
"plus size aesthetic clothing";"0 - 25";;;"0,00 EUR"
"best shovel";"0 - 25";;;"0,00 EUR"
"landlord tenant attorney near me";"0 - 25";;;"0,00 EUR"
"best standing desk for home office";"0 - 25";;;"0,00 EUR"
"farmhouse office furniture";"0 - 25";;;"0,00 EUR"
"power pruning shears";"0 - 25";;;"0,00 EUR"
"amazon solar charger";"0 - 25";;;"0,00 EUR"
"landscaping around inground pool";"0 - 25";;;"0,00 EUR"
"digital marketing summit";"0 - 25";;;"0,00 EUR"
"davids bridal colors";"0 - 25";;;"0,00 EUR"
"universal studios all inclusive vacations";"0 - 25";;;"0,00 EUR"
"rotating solar panels";"0 - 25";;;"0,00 EUR"
"purple cocktail dresses for weddings";"0 - 25";;;"0,00 EUR"
"hardscape companies near me";"0 - 25";;;"0,00 EUR"
"how to lose 50 pounds in a year";"0 - 25";;;"0,00 EUR"
"how to lose weight with a slow metabolism";"0 - 25";;;"0,00 EUR"
"good lawyers near me";"0 - 25";;;"0,00 EUR"
"walmart desk accessories";"0 - 25";;;"0,00 EUR"
"deer wedding cake toppers";"0 - 25";;;"0,00 EUR"
"how to lose 10 pounds in 1 hour";"0 - 25";;;"0,00 EUR"
"navy blue cocktail dress with sleeves";"0 - 25";;;"0,00 EUR"
"top rated financial advisors";"0 - 25";;;"0,00 EUR"
"best affiliate marketing websites";"0 - 25";;;"0,00 EUR"
"couples wedding shower invitations";"0 - 25";2;;"0,00 EUR"
"endomorph diet plan female";"0 - 25";;;"0,00 EUR"
"cheap attorneys near me";"0 - 25";;;"0,00 EUR"
"petite cocktail dresses with sleeves";"0 - 25";;;"0,00 EUR"
"mon cheri mother of the bride dresses";"0 - 25";;;"0,00 EUR"
"4th of july vacation packages 2019";"0 - 25";;;"0,00 EUR"
"standing desk with drawers";"0 - 25";;;"0,00 EUR"
"ashley desk";"0 - 25";;;"0,00 EUR"
"l shaped sit stand desk";"0 - 25";;;"0,00 EUR"
"grey office furniture";"0 - 25";;;"0,00 EUR"
"ikea desk and chair";"0 - 25";;;"0,00 EUR"
"papyrus wedding invitations";"0 - 25";;;"0,00 EUR"
"how to tone stomach fat";"0 - 25";;;"0,00 EUR"
"free legal counsel";"0 - 25";;;"0,00 EUR"
"non traditional bridesmaid dresses";"0 - 25";;;"0,00 EUR"
"office furniture distributors";"0 - 25";;;"0,00 EUR"
"unfinished wood desk";"0 - 25";;;"0,00 EUR"
"trapeze cocktail dress";"0 - 25";;;"0,00 EUR"
"modcloth plus size dresses";"0 - 25";;;"0,00 EUR"
"finish my basement";"0 - 25";;;"0,00 EUR"
"saree gown";"0 - 25";;;"0,00 EUR"
"female financial advisor near me";"0 - 25";;;"0,00 EUR"
"herve leger cocktail dress";"0 - 25";;;"0,00 EUR"
"how to lose weight in 30 days without exercise";"0 - 25";;;"0,00 EUR"
"adding a two story addition to a ranch house";"0 - 25";;;"0,00 EUR"
"alibaba solar panels";"0 - 25";;;"0,00 EUR"
"low carb protein bar recipe";"0 - 25";;;"0,00 EUR"
"marketing budget plan";"0 - 25";;;"0,00 EUR"
"day of coordinator near me";"0 - 25";;;"0,00 EUR"
"mazda rx7 engine";"0 - 25";;;"0,00 EUR"
"northeast legal services";"0 - 25";;;"0,00 EUR"
"winter invitations";"0 - 25";;;"0,00 EUR"
"maurices cocktail dresses";"0 - 25";;;"0,00 EUR"
"heavy duty garden cart";"0 - 25";;;"0,00 EUR"
"the magic pill diet plan";"0 - 25";;;"0,00 EUR"
"how to lose 30 pounds in 1 month";"0 - 25";;;"0,00 EUR"
"couture cakes";"0 - 25";10;;"0,50 EUR"
"mature palm trees for sale";"0 - 25";;;"0,00 EUR"
"left handed desk";"0 - 25";;;"0,00 EUR"
"free to browse dating sites";"0 - 25";;;"0,00 EUR"
"grand palladium bavaro suites";"0 - 25";;;"0,00 EUR"
"need computer desk";"0 - 25";;;"0,00 EUR"
"black beaded cocktail dress";"0 - 25";;;"0,00 EUR"
"russian wedding dress";"0 - 25";;;"0,00 EUR"
"how to lose water weight fast overnight";"0 - 25";;;"0,00 EUR"
"moda operandi bridal";"0 - 25";;;"0,00 EUR"
"hormone type 2 diet plan";"0 - 25";;;"0,00 EUR"
"travel agent deals";"0 - 25";;;"0,00 EUR"
"e loan";"0 - 25";13;;"0,00 EUR"
"tesla motor for sale";"0 - 25";;;"0,00 EUR"
"legal aid custody";"0 - 25";;;"0,00 EUR"
"sharp solar panels";"0 - 25";;;"0,00 EUR"
"startup lawyer";"0 - 25";;;"0,00 EUR"
"money mart loan";"0 - 25";;;"0,00 EUR"
"samba vallarta all inclusive";"0 - 25";;;"0,00 EUR"
"catherines plus size maxi dresses";"0 - 25";;;"0,00 EUR"
"j&s landscaping";"0 - 25";;;"0,00 EUR"
"handmade wedding cards";"0 - 25";;;"0,00 EUR"
"daily food plan";"0 - 25";;;"0,00 EUR"
"best watering wand";"0 - 25";;;"0,00 EUR"
"peacock wedding cake";"0 - 25";;;"0,00 EUR"
"kelly green cocktail dress";"0 - 25";;;"0,00 EUR"
"wish clothing plus size";"0 - 25";;;"0,00 EUR"
"belly fat flush";"0 - 25";;;"0,00 EUR"
"ferrari engine for sale";"0 - 25";;;"0,00 EUR"
"chubb life";"0 - 25";;;"0,00 EUR"
"warframe promo codes 2019";"0 - 25";;;"0,00 EUR"
"stark brothers trees";"0 - 25";;;"0,00 EUR"
"how to get rid of lower belly fat female fast";"0 - 25";;;"0,00 EUR"
"long reach pruner";"0 - 25";;;"0,00 EUR"
"cotton gown";"0 - 25";15;;"0,00 EUR"
"dress barn plus size dresses clearance";"0 - 25";;;"0,00 EUR"
"mint green cocktail dress";"0 - 25";;;"0,00 EUR"
"workout and meal plan";;-;;
"john crestani super affiliate system";;-;;
"coaster desk";;-;;
"plan advisor";;-;;
"oxygen not included solar panel";;-;;
"teri jon by rickie freeman cocktail dress";;-;;
"pro bono legal advice";;-;;
"senior friends date";;-;;
"plus overall dress";;-;;
"how to lose 5 lbs in 2 days";;-;;
"keto vegan breakfast";;-;;
"4 wheel wheelbarrow";;-;;
"6 week weight loss plan";;-;;
"maid of honor invitation";;-;;
"most efficient solar cell";;-;;
"how to reduce belly fat naturally";;-;;
"torrid yellow dress";;-;;
"honda s2000 automatic";;-;;
"rebath average cost";;-;;
"fencing and landscaping";;-;;
"ebuy motorcars";;-;;
"chinese law firm";;-;;
"cheap motors";;-;;
"mother of the bride dresses size 16";;-;;
"backyard landscape lighting";;-;;
"wedding cake figurines";;-;;
"solar price per watt";;-;;
"local internet marketing";;-;;
"big office desk";;-;;
"how you lose weight";;-;;
"bikini diet";;-;;
"mauve wedding dress";;-;;
"oleg cassini bridal gowns";;-;;
"30 day keto fix";;-;;
"all inclusive vacation destinations";;-;;
"simple invitation";;-;;
"melia travel agent";;-;;
"spirit airlines travel agent";;-;;
"countertop remodel";;-;;
"man seeking woman craigslist";;-;;
"pcos meal plan";;-;;
"the best financial advisors";;-;;
"golden parnassus resort";;-;;
"bus accident attorney";;-;;
"how to lose more weight";;-;;
"best price vacation packages";;-;;
"carb free pancakes";;-;;
"increase seo";;-;;
"grand palladium white sand resort";;-;;
"plus skater dress";;-;;
"solar panel car battery charger";;-;;
"neiman marcus cocktail dresses on sale";;-;;
"3000 calorie diet";;-;;
"disney packages for 2";;-;;
"arab dating site";;-;;
"lumbar chair";;-;;
"staples office supplies online";;-;;
"hand grass trimmer";;-;;
"vigoro landscape edging";;-;;
"bmw x6 engine";;-;;
"healthy keto meal plan";;-;;
"oneplus promo code";;-;;
"personal injury attorney raleigh nagle firm";;-;;
"best free dating websites";;-;;
"healthy food diet plan";;-;;
"best cheap tropical vacations";;-;;
"strapless midi cocktail dress";;-;;
"size 26 dress";;-;;
4lovepolkadots;;-;;
"landscape design with rocks";;-;;
"bmw n54 engine";;-;;
"atkins ice cream";;-;;
"how to help a child lose weight";;-;;
"black friday flight tickets";;-;;
"how to lose hormonal belly fat";;-;;
"suaoki solar";;;;"0,00 EUR"
"sz motorcars";;-;;
"how do you lose weight on keto";;-;;
"keto at qdoba";;-;;
"affordable trips";;-;;
"how to lose weight and tone";;-;;
"evite bridal shower";;-;;
"jr bride dresses";;-;;
"free online dating sites for singles";;-;;
"toyota gt86 engine";;-;;
"kitchen remodel white cabinets";;-;;
"top leaf blower";;-;;
"solar 100 watt";;-;;
"weight watchers online program";;-;;
"dillards women's dresses plus size";;-;;
"walmart keto snacks";;-;;
"edward jones facd";;-;;
"oak desk chair";;-;;
"red and black plus size dress";;-;;
"most luxurious all inclusive resorts";;-;;
"clothes for fat women";;-;;
"how to lose 40 lbs in 2 months";;-;;
"top 10 solar companies";;-;;
"low cost solar panels";;-;;
"gas leaf blower vacuum";;-;;
"best vacation package websites";;-;;
"cheap plus size gowns";;-;;
"solar charging battery pack";;-;;
"stihl leaf blower prices";;-;;
"construction accident lawyers";;-;;
"riding lawn mower cart";;-;;
"modern invitation";;-;;
"edgy cocktail dress";;-;;
"ikea long desk";;-;;
"golf cart solar panel";;-;;
"how to lose 45 pounds";;-;;
"how to lose 20 lbs in 2 months";;-;;
"average cost to replace kitchen cabinets";;-;;
"sun joe cultivator";;-;;
"optavia 5&1";;-;;
"adjustable desk frame";;-;;
"cheap anniversary getaways";;-;;
"invitation suite";;-;;
"complete landscaping";;-;;
"how to lose 5 pounds in 4 days";;-;;
"how to shrink my stomach";;-;;
"paleo on a budget";;-;;
"weed eater riding lawn mower";;-;;
"white church dresses plus size";;-;;
"cheap flights for new years";;-;;
"cheap flights last minute deals";;-;;
"best adult only resorts";;-;;
"linen cocktail dress";;-;;
"citrus tree nursery";;-;;
"rake assassin";;-;;
"toyota chr engine";;-;;
"blush wedding gown";;-;;
"solar powered usb charger";;-;;
"general contractor home builder";;-;;
"best airline booking site";;-;;
"circular driveway landscaping";;-;;
"two week diet plan";;-;;
"riu tequila all inclusive";;-;;
"car accident injury lawyer";;-;;
"2019 cocktail dresses";;-;;
"cheapest overseas vacations";;-;;
"ryobi battery leaf blower";;-;;
"simple ways to lose weight";;-;;
"closet remodel cost";;-;;
"japanese pruning shears";;-;;
"gowns for plus size women";;-;;
"5xl dresses";;-;;
"patio retaining wall";;-;;
"five star all inclusive resorts";;-;;
"amazon discount coupon code";;-;;
"wix discount code";;-;;
"workout food plan";;-;;
"keto milk chocolate";;-;;
"how to lose midsection fat";;-;;
"craftsman water hose";;-;;
"3 layer wedding cake";;-;;
"bathroom renovations on a budget";;-;;
"craftsman riding lawn mower seat";;-;;
"philippine women seeking men";;-;;
"top car accident lawyers";;-;;
"how to lose hips";;-;;
"hemnes desk white";;-;;
"sears lawn mower battery";;-;;
"bmw 340i xdrive";;-;;
"wedding party invites";;-;;
"staples office supply store near me";;-;;
"inexpensive vacation spots";;-;;
"low carb cocktail sauce";;-;;
"gate 1 travel agency";;-;;
"dan deery motors";;-;;
"student travel discounts";;-;;
"tbdress plus size";;-;;
"the reserve at paradisus";;-;;
"plus t shirt dress";;-;;
"how to lose weight without running";;-;;
"plum mother of the bride dresses";;-;;
"fruit salad tree for sale";;-;;
"prince law firm";;-;;
"bowmans law";;-;;
"all inclusive vacations under $500 per person";;-;;
"easyflex no dig edging";;-;;
"how to lose weight and belly fat";;-;;
"how to lose the most weight on keto";;-;;
"bridal buddy shark tank";;-;;
"dinner cocktail dress";;-;;
"keto 28 day plan";;-;;
"nordstrom plus dresses";;-;;
"weekly diet plan for weight loss";;-;;
"business contract lawyer";;-;;
"350z motor";;-;;
"local bridal shops";;-;;
"cost of tub to shower conversion";;-;;
"a desk";;-;;
"jetblue vacation deals";;-;;
"by design landscaping";;-;;
"how to lose 20 lbs in 2 weeks";;-;;
"plus size dress stores";;-;;
"solar panel fan";;-;;
"keto breakfast pizza";;-;;
"monique lhuillier bridal gowns";;-;;
"rechargeable leaf blower";;-;;
"planning a wedding reception";;-;;
"hightower wealth management";;-;;
"local wedding planners";;-;;
"how to get rid of lower belly fat women";;-;;
"lane office chair";;-;;
"office depot office desk";;-;;
"plus shirt dress";;-;;
"merrill lynch fadp";;-;;
"black sleeveless cocktail dress";;-;;
"legal help firm";;-;;
"cosmos travel agency";;-;;
"solar panel roof shingles";;-;;
"seo yoast";;-;;
"seo adwords";;-;;
"how to lose 10lbs in a week";;-;;
"wealth planner";;-;;
"michaels wedding planner";;-;;
"keto menu for a week";;-;;
"green wheelbarrow";;-;;
"montero car";;-;;
"free dating sites for 50 and over";;-;;
"superwoman super lawyer";;-;;
"folding rake";;-;;
"how can i burn belly fat";;-;;
"folding desk table";;-;;
"6 speed cars";;-;;
"workstation chair";;-;;
"plus size winter formal dresses";;-;;
"healthy meal plans for men";;-;;
"best plus size wedding dresses";;-;;
"financial planning firms near me";;-;;
"plus size beach outfits";;-;;
"keto frozen yogurt";;-;;
"solar system cost";;-;;
"cake pop wedding favors";;-;;
"cheap island trips";;-;;
"best keto soup";;-;;
"plus size black bridesmaid dresses";;-;;
"low carb eating";;-;;
"pro bono bankruptcy lawyers near me";;-;;
"seo page analysis";;-;;
"priceline hotel booking";;-;;
"dr martens discount code";;-;;
"website seo analysis";;-;;
"disney resort vacation";;-;;
"effective ways to lose weight";;-;;
"mustard yellow cocktail dress";;-;;
"family friendly caribbean resorts";;-;;
"travelzoo 20";;-;;
"international marketing group";;-;;
"how fast to lose weight on keto";;-;;
"majestic colonial resort";;-;;
"how to lose belly fat after pregnancy";;-;;
"modern computer table";;-;;
"how to lose belly fat after 50";;-;;
"red dress cocktail party";;-;;
"mlm travel agency";;-;;
"martina liana veil";;-;;
"camaro motor";;-;;
"google site ranking";;-;;
"walmart marketing";;-;;
"find flight deals";;-;;
"suzuki new car";;-;;
"olive green cocktail dress";;-;;
"bridal shops online";;-;;
"plastic office chair";;-;;
"financial solutions advisor";;-;;
"solar cell cost";;-;;
"hookup sites no sign up";;-;;
"how to lose 5 pounds in one week";;-;;
"bright pink cocktail dress";;-;;
"meadow creature broadfork";;-;;
"small engine cars";;-;;
"mcadam financial advisor";;-;;
"average home renovation cost";;-;;
"western dress for girls";;-;;
"g plan diet";;-;;
"stihl leaf blower vacuum";;-;;
"grass clippers";;-;;
"carbohydrate free foods";;-;;
"how to lose fat in a week";;-;;
"how to lose 10 lbs in 3 weeks";;-;;
"plus size beach";;-;;
"building column";;-;;
"perennial landscaping";;-;;
"low carb high fat meal plan";;-;;
"mac duggal cocktail dress";;-;;
"macys plus size gowns";;-;;
"1900 calorie meal plan";;-;;
"keto meals recipes";;-;;
"best gas lawn edger";;-;;
"camping solar system";;-;;
"plus size clothing wholesale vendors";;-;;
"small folding desk";;-;;
"invitation sleeve";;-;;
"office reception chairs";;-;;
"modern law";;-;;
"sottero midgley";;-;;
"ashley stewart party dresses";;-;;
"no carb drinks";;-;;
"usmani motor cars";;-;;
"hand held grass trimmer";;-;;
"southwest airlines all inclusive vacations";;-;;
"free dating sites with free messaging";;-;;
"how to lose 2 pounds per week";;-;;
"honda civic type r engine";;-;;
"japanese trees for sale";;-;;
"expedia travel packages";;-;;
"green midi cocktail dress";;-;;
"how to burn face fat";;-;;
"all inclusive with kids";;-;;
"how to lose belly fat and get abs";;-;;
"how to lose hormonal weight";;-;;
"wedding overskirt";;-;;
"hand garden tiller";;-;;
"industrial copier";;-;;
"solar power southeast";;-;;
"long sleeve plus size bridal gowns";;-;;
"21 day fix diet plan";;-;;
"cordless leaf blower and vacuum";;-;;
"kevin's landscaping";;-;;
"alex evenings plus size gowns";;-;;
"weight gain plan";;-;;
"infiniti motors";;-;;
"60 watt solar panel";;-;;
"best family vacation resorts";;-;;
"cholesterol diet plan";;-;;
"bathroom renovation contractors";;-;;
"haworth zody chair";;-;;
"redo shower";;-;;
"dwarf trees for sale";;-;;
"woodland landscape design";;-;;
"alibaba shares";;-;;
"raised ranch kitchen remodel";;-;;
"jd construction";;-;;
"office max fax prices";;-;;
"60 day keto challenge";;-;;
"reddit financial advice";;-;;
"jovani mother of the bride";;-;;
"kids garden tool set";;-;;
"jetta 2";;-;;
"jessica bridal";;-;;
"audi motors";;-;;
"cordless grass clippers";;-;;
"l88 engine";;-;;
"dog bite injury attorney";;-;;
"dholki invitation";;-;;
"used leaf blower for sale";;-;;
"tickets and hotels";;-;;
"golden tickets for travel agents";;-;;
"casual outfits for plus size ladies";;-;;
"liberty travel deals";;-;;
"anthropology wedding dresses";;-;;
"flat solar panels";;-;;
"weekly meal plan for weight loss";;-;;
"big wedding cakes";;-;;
"acura rsx automatic";;-;;
"how to keep water weight off";;-;;
"best latin dating sites";;-;;
"black and decker cultivator";;-;;
"how to lose 8 pounds in 2 weeks";;-;;
"ashley stewart summer dresses";;-;;
"friend speed dating";;-;;
"google domain name registration";;-;;
"size 28 dress";;-;;
"amazon promotional codes 2019";;-;;
"crv 2008";;-;;
"most romantic all inclusive resorts";;-;;
"plus size mustard dress";;-;;
"small kitchen remodel on a budget";;-;;
"solar powered outdoor fan";;-;;
"pueblo bonito sunset beach all inclusive cost";;;;
"silfab 310";;-;;
"mother of the bride tropical dresses";;;;
"how to lose lower belly fat male";;;;
"turtle bay resort packages";;;;
"mexican wedding cake toppers";;;;"0,00 EUR"
"hosick motors";;;;
"fiskars garden scissors";;;;
"affiliate marketing strategy";;;;
"5 drawer lateral file cabinet";;;;
"ryobi cordless leaf blower";;;;
"zero carb recipes";;;;
"asos dresses sale";;;;
"beginners keto meal plan";;;;"0,00 EUR"
"secretary desk for sale";;;;
"bdi office furniture";;;;
"lane bryant mother of the bride";;;;
"long handle shovel";;;;
"red lace cocktail dress";;;;
"cocktail dresses for plus size ladies";;;;"0,00 EUR"
"wedding event planner";;;;
"solar powered fans walmart";;;;
"veil comb";;;;
"macy's dresses cocktail & party";;;;"0,00 EUR"
"plus size tank dress";;;;
"plus size wholesale clothing cheap";;;;
"fern plants for sale";;;;
"plus size fila dress";;;;"0,00 EUR"
"healthy diet plan for men";;;;
"second hand bridesmaid dresses";;;;
"plus size bodycon club dresses";;;;
"hand rototiller";;;;
"cheap disneyland vacation packages";;;;
"2 week weight loss plan";;;;
"best host travel agency";;;;"0,00 EUR"
"elegant long evening dresses";;;;
"30 inch desk";;;;
"10kw solar panel";;;;"0,00 EUR"
"safest all inclusive resorts";;;;
"keto chocolate chip cookie dough";;;;
"la femme mother of the bride dresses";;;;
"social media seo";;;;
"best diet to follow";;;;
"seo advertising";;;;
"solar powered hot water heater";;;;
"lawyers near me for suing";;;;
"off grid solar power systems";;;;
"party wear dresses for womens";;;;
"exotic fruit trees for sale";;;;
"birch trees for sale near me";;;;
"bmw n55 engine";;;;"0,00 EUR"
"flight ticket deals";;;;
"office depot spiral notebooks";;;;
"vegetarian diet for weight loss in a month";;;;
"cheap holiday flights";;;;
"cheap kid friendly vacations";;;;
"how to lose 100 pounds in 8 months";;;;
"postpartum weight loss plan";;;;
"xeriscape landscaping";;;;
"davids bridal plus size dresses";;;;"0,00 EUR"
"modular conference room tables";;;;
"peacock invitation";;;;"0,00 EUR"
"plus size floor length dresses under 100";;;;
"how to lose 10 lbs in 2 weeks";;;;"0,00 EUR"
"computer credenza";;;;
"black strapless cocktail dress";;;;
"beautiful wedding cake toppers";;;;
"corporate lawyer near me";;;;
"seaworld travel agent";;;;
"btl marketing";;;;
"cheap office table";;;;
"seo app";;;;
"cfp financial advisor";;;;"0,00 EUR"
"plus size black t shirt dress";;;;"0,00 EUR"
"childrens desk and chair";;;;
"small house renovations";;;;
"find cheap plus size clothing";;;;
"range rover classic for sale";;;;
"couture cocktail dresses";;;;
"best travel companies";;;;
"dominos voucher codes";;;;
"bridal evening gown";;;;
"travel one agency";;;;
"shutterfly bridal shower invitations";;;;
"used executive desk";;;;
"how to lose baby fat on face";;;;
"meal plan for weight loss and muscle gain male";;;;
"civic type r engine";;;;
"danner promo code";;;;"0,00 EUR"
"green building design";;;;
"best free online dating website";;;;
"how to burn fat fast without exercise";;;;
"ikea galant file cabinet";;;;
"captrust 401k";;;;
"weeping trees for sale";;;;
"edible lace for wedding cakes";;;;
"cap sleeve cocktail dress";;;;
"solar electric company";;;;
"simple wedding planning";;;;
"house of cb discount code";;;;
"civil wedding outfit";;;;
"how to get rid of belly fat fast without exercise";;;;
"low carb gravy";;;;
"round trip flights under 100";;;;
"best loppers 2019";;;;
"paleo diet menu";;;;
"brown leather desk chair";;;;
"paypal promo code";;;;"0,00 EUR"
"wedding planner magazine";;;;
"21 day fix extreme meal plan";;;;
"concrete slab construction";;;;
"large magnolia trees for sale";;;;
"harbor freight yard cart";;;;"0,00 EUR"
"haworth desk";;;;
"vacation packages with airfare";;;;
"simple wedding veil";;;;
"legal help for inmates";;;;
"low carb dark chocolate";;;;
"solar power cost per kwh";;;;
"illusion neckline cocktail dress";;;;
"sherri hill bridal";;;;
"black and decker grass shears";;;;
"redo shower tile";;;;"0,00 EUR"
"city furniture corporate office";;;;
"ask an attorney free";;;;"0,00 EUR"
"groupon flight deals";;;;
"dodge challenger hellephant";;;;
"great vacation deals";;;;
"car crash injury lawyer";;;;
"legal aid divorce lawyers";;;;"0,00 EUR"
"designer jewellery online";;;;
"small business seo services";;;;
"mazda wankel engine";;;;
"ikea erik file cabinet";;;;
"grey l shaped desk";;;;
"60s wedding dress";;;;
"small kitchen remodel with island";;;;
"best wordpress hosting 2019";;;;
"fat loss tips";;;;
"vitra office chair";;;;
"cheap flights plus hotel";;;;
"best local seo company";;;;
"reception area chairs";;;;
"best all inclusive honeymoon";;;;
"google free website hosting";;;;
"solar price per kwh";;;;
"small business lawyers";;;;
"meal plan for kids";;;;
"vistaprint deals";;;;
"designer cocktail dresses sale";;;;
"how to lose 40 pounds in 4 months";;;;
"2011 hyundai sonata engine";;;;
"basque clothing";;;;
"women's plus size resort wear";;;;
"home office storage cabinets";;;;
"hand fertilizer spreader";;;;
"dremel lawn mower blade sharpener";;;;
"umicore stock";;;;
"office equipment company";;;;
"plus size pinafore dress";;;;
"concrete curb edging";;;;
"office chair store";;;;
"marriage beuro";;;;
"leaf blower attachments";;;;
"seo google analytics";;;;
"menu weight watchers";;;;"0,00 EUR"
"how do i lose weight in my thighs";;;;
"plus size flare dress";;;;
"lamborghini urus engine";;;;
"beetroot nutrition";;;;
"plus size denim maxi dress";;;;
"my groupons view voucher";;;;"0,00 EUR"
"priceline all inclusive";;;;
"nice landscape";;;;
"home based travel agent";;;;
"how to lose 3 lbs a week";;;;"0,00 EUR"
"rideable lawn mower";;;;"0,00 EUR"
"ford motor company subsidiaries";;;;
"herman miller executive chair";;;;
"fruit diet plan";;;;
"1 day bathroom remodel";;;;"0,00 EUR"
"how to lose your stomach";;;;
"torrid prom dresses";;;;
"fig trees for sale near me";;;;
"justin alexander dresses";;;;
"solar panel efficiency 2019";;;;
"general contractor services";;;;
"maroon cocktail dress";;-;;
"kids party wear";;;;
"google local search";;;;
"van solar panels";;;;"0,00 EUR"
"finish basement under $10000";;;;
"complete bathroom remodel cost";;;;
"family travel agency";;;;
"black and white wedding invitation";;;;
"elven wedding dress";;;;
"3 day 2 night vacation package";;;;
"lord and taylor plus size cocktail dresses";;;;
"copiers for sale";;;;
"stihl riding lawn mower";;;;
"speeddate dating site";;;;
"auto manual";;;;
"cocktail and party plus size empire waist dresses";;;;
"wood file cabinet ikea";;;;
"franklyn d resort & spa all inclusive resorts";;;;
"couples sans souci all inclusive";;;;
"ckd diet plan";;;;
"lawyer education";;;;
"long handled pruners";;;;
"interracial dating sites for seniors";;;;
"construction lawyer near me";;;;
"residential building contractors";;;;"0,00 EUR"
"2100 calorie meal plan";;;;
"balanced diet menu for a week";;;;
"affordable office chair";;;;"0,00 EUR"
"best battery powered leaf blower 2019";;;;
"mid century modern computer desk";;;;
"weight loss food programs";;;;
"steel filing cabinet";;;;
"moroccan wedding dress";;;;
"last minute disney cruise deals";;;;
"office drawer cabinet";;;;
"buy flights";;;;
"wilton wedding cakes";;;;
"vacation packages all inclusive with airfare included";;;;
"black satin cocktail dress";;;;
"luxury travel expert";;;;
"ranch kitchen remodel";;;;
"legal advice for tenants";;;;
"how to get skinny in a day";;;;
"find cheap flights to anywhere";;;;
"low calorie meals on a budget";;;;
"cheap used car engines for sale";;;;
"l shaped computer desk ikea";;;;
"riu palace san lucas";;-;;
"authorized disney vacation planner";;;;
"riu promo code";;;;
"cute plus size summer outfits";;;;"0,00 EUR"
"3 drawer vertical file cabinet";;;;
"healthy teenage diet plan";;;;
"short bridal gowns";;-;;
"cheap caribbean all inclusive packages";;-;;
"big size dress";;-;;
"best all inclusive vacations for couples";;-;;
"tribesigns computer desk";;;;
"white designer cocktail dress";;-;;
"being a travel agent";;-;;
"julian price house renovation cost";;-;;
"starting a travel agency";;-;;
"white men married to black women";;-;;
"stationary office chair";;-;;
"fit flare cocktail dress";;-;;
"chic plus size";;-;;
"women's plus size long dresses";;-;;
"ase technician";;;;"0,00 EUR"
"how to lose 6 pounds in a week";;;;"0,00 EUR"
"bodycon wedding dress";;;;
"colon cleanse diet plan";;;;
"all inclusive tropical vacations";;;;
"oak writing desk";;;;
"smart investor";;;;
"plus size bridesmaid dresses under 50";;;;
"easy alkaline diet plan";;;;
"lowes solar panels";;;;
"haworth office furniture";;;;
"carolina herrera wedding dress price";;;;
"jeans top";;;;
"playa resorts travel agents";;;;
"small computer desk ikea";;;;
"cheap seo packages";;;;
"t shirt roblox";;;;"0,00 EUR"
"how to lose 5 pounds in 1 hour";;;;
"short wedding dresses 2018";;;;
"endowment insurance";;;;
"boho wedding veil";;;;
"marine solar battery charger";;;;
"tesla model s motor";;;;
"ryobi garden tools";;;;
"monocrystalline solar panels for sale";;;;
"tripadvisor vacation packages";;;;
"golden parnassus resort & spa";;;;
"white halter cocktail dress";;;;
"baha mar all inclusive";;;;
"womens gardening gloves";;;;
"davids bridal plus size wedding dresses";;;;
"cocktail dresses for over fifty";;;;
"used office cubicles";;;;
"steel structure building";;;;
"boohooman discount code";;;;
"funky office chair";;;;
"bridal gowns 2019";;;;
"how to lose belly fat after c section";;;;"0,00 EUR"
"luxury landscape design";;;;
"semrush alternative";;;;
"kia sportage engine";;;;
"yard leveling rake";;;;"0,00 EUR"
"junior lawyer";;;;"0,00 EUR"
"cocktail and party long sleeve velvet dress";;;;
"the caves hotel all inclusive resorts";;;;
"totally free online dating sites over 50";;;;
"peach trees for sale near me";;;;
"top designer mother of the bride dresses";;;;
"vacation tour and travel agency";;;;
"30 day fruit and vegetable diet plan";;;;
"nissan maxima engine";;;;
"seo developer";;;;
"petite plus size summer dresses";;;;
"custom made desk";;;;"0,00 EUR"
"home repair contractors near me";;;;
"solar 12v battery charger harbor freight";;;;
"express deals flights";;;;
"commercial office desk";;;;
"carbless meals";;;;"0,00 EUR"
"lightweight leaf blower";;;;
"desk with printer storage";;;;
"general construction contractors near me";;;;"0,00 EUR"
"backyard remodel cost";;;;
"best diet plan to lose weight fast";;;;
"very low calorie diet meal plan";;;;
"folding office desk";;;;
"typical keto diet";;;;
"free php hosting";;;;
"civil construction company";;;;
"diet plan for muscle gain";;;;
"plus size dresses usa";;;;"0,00 EUR"
"affordable wedding invitation sets";;;;
"west elm parsons desk";;;;
"adventure travel agency";;;;
"icf building";;;;
"large oak trees for sale";;;;
"plant nursery for sale";;;;
"best caribbean beach resorts";;;;
"full bathroom remodel";;;;
"mini bride dresses";;;;
"how to lose 30 pounds in 2 weeks";;;;
"home depot landscaping services";;;;
"msc cruises travel agent";;;;"0,00 EUR"
"kohls free shipping code no minimum";;;;
"plus size mother of the bride dresses under 100";;;;
"how to lose 10 pounds in 4 weeks";;;;
"affiliate marketing sites";;;;
"rose pruners";;;;
seochat;;;;
"free widow dating site";;;;
"3 day meal plan";;;;
"cheap wedding invitation sets";;;;
"best medical malpractice lawyers near me";;;;
"renovation nation";;;;
"cheapest domain renewal";;;;
"glass office partitions";;;;
"free pizza codes 2019";;;;
"long office table";;;;
"eros now promo code";;;;
"top rated all inclusive resorts";;;;
"cheap spring break trips for families";;;;
"how to lose weight fast naturally";;;;
"marketing action plan";;;;
"keto egg breakfast";;;;"0,00 EUR"
"amazon plus size club dresses";;;;
"best office chair under 300";;;;
"dark blue wedding dress";;;;
"expedia all inclusive vacations";;;;
"vacation tour packages with airfare";;;;
"free dating chat rooms";;;;
"top civil engineering companies";;;;
"emirates promotion";;;;"0,00 EUR"
"cocktail dress for cruise";;;;
"pretty cocktail dresses";;;;"0,00 EUR"
"beach themed wedding cake toppers";;;;
"nordstrom veils";;;;
"small pruning shears";;;;
"mini countryman for sale";;;;
"x6 for sale";;-;;
